{
  "spearman": {
    "correlation": 0.5042784278427842,
    "p_value": 8.838023344575277e-08
  },
  "kendall": {
    "correlation": 0.34989898989898993,
    "p_value": 2.4947067645723367e-07
  },
  "pearson_score": 0.5214767337475046,
  "jaccard_similarity": {
    "top5": 0.1111111111111111,
    "top10": 0.3333333333333333,
    "top20": 0.3793103448275862,
    "top50": 0.4492753623188406
  }
}